Aug25,Aug31,Sept6,Aug23,Aug22,Sept8,Aug21,Sept6_2,Sept5_2,Sept7,Sept4,Sept1,Sept3,Sept5,Sept2,Sept6,Aug27,Aug28,Aug29,Aug28_2,Aug20,Sept9,Aug30,Control
2.08092102167746,1.70166865425805,2.05259912625648,2.81470140642399,3.12994905744083,2.14141361941547,1.8535297877769,2.81891581006699,2.48462104146551,1.89377187804647,2.0694096947807,2.26269004720697,2.03576387192328,2.8736891323759,2.07199585278499,2.38276244368936,2.66306563691989,3.49168460724483,1.78821821611578,3.10746516533649,1.91604065503224,2.73188846412261,2.46631940274089,1.55054326430415
2.14055070924593,1.74823067120811,1.98323704417708,2.83272582358942,3.10904825657293,2.12621530483569,1.80129441843589,2.76784260509443,2.44539205243725,1.88630510781028,1.98540441564709,2.15588657288317,1.99025404319066,2.90830787292764,2.17265579019325,2.33937146993638,2.62338465744933,3.55369587092904,1.93714580705155,3.06772218947594,1.79767056074736,2.65227023074566,2.45219809490914,1.57135004008958
2.18433549942584,1.69099066027549,1.86974553853595,2.83757231834152,3.13545142147384,2.11375768883562,1.7021268136661,2.82794130426617,2.45179341196733,1.93267204903214,1.92977580861794,2.04874914879818,1.95585138144531,2.92654774395338,2.20321198301595,2.34682587757148,2.66383974597598,3.65491615623219,1.93847068036484,3.05277480885468,1.75009032618089,2.58274398709668,2.47383671381731,1.56520474043566
2.23586881334017,1.72302434556415,1.84151922474889,2.8751131760895,3.1694889355764,2.07268678740236,1.67828960802917,2.74778817410553,2.43891369276671,2.0172776526773,1.83709525239495,2.0144900893162,1.9695678862014,2.92865594133775,2.1538967846193,2.38329473911456,2.65783609114954,3.66279418080232,1.93628162086988,3.06441002249494,1.70882721307094,2.60041079068584,2.50527788594575,1.59558653077944
2.29686542770226,1.77741612212247,1.87129387032814,2.92533371887792,3.21648390756184,2.10860892468286,1.61812748098899,2.72823577513307,2.43157159182726,2.0737327171323,1.81544675174509,1.94570215440737,2.00199176550506,2.96687819329761,2.22403023029143,2.36215889855666,2.66564264645792,3.66463635945486,1.93060830736756,3.05278112523826,1.72940874785694,2.63647286391789,2.60546277800186,1.59494693776247
2.31881338969835,1.72341035540345,1.87724055198374,2.93827805359698,3.26898732164279,2.174258664363,1.57357627722097,2.7214050115291,2.43245748829679,2.03720336440786,1.84641121680081,1.92291565716415,1.97304765934856,2.98390427157405,2.26483635848063,2.32280697524823,2.67120567936253,3.65665229809171,1.93625374397885,2.95356686757837,1.7499611091078,2.63793619141047,2.68577224349267,1.6253562994522
2.38136731637215,1.68402717586293,1.88056332607827,2.9387646386502,3.28890202380762,2.20562545363065,1.56989779457853,2.74486890325259,2.50273516716774,2.02609063035785,1.91712847177782,1.94074111326397,1.96823692140523,3.01929964066817,2.2717261815792,2.29613187639665,2.73387330553119,3.66217114113409,1.90430171187032,2.91709996134523,1.78409359902409,2.66501537111798,2.72182504358177,1.59609957890289
2.41816888341292,1.6172236323048,1.89905568107344,2.95192664560432,3.3231730187298,2.2183829930486,1.63812453872621,2.71357953909371,2.55204737650082,1.95806261920048,1.95219007325636,1.88557340962177,2.02020183628973,3.06021047171156,2.30882615289047,2.24188143582289,2.71539817352458,3.68726543496337,1.93368737484702,2.94704670540255,1.82133767488975,2.65883959261531,2.77013446696964,1.63558676867468
2.44505273729053,1.62094637021203,1.90506343025044,2.95158204620981,3.34458788772576,2.25906215852218,1.73144451421564,2.66074483289764,2.5925297730853,1.93789039733893,2.00990572059412,1.9502078664412,2.05586711963182,3.09051086356677,2.31949266182756,2.21563990514154,2.71683333091118,3.69424996350624,1.96479616356323,2.91784077260322,1.79072612157477,2.76118151463879,2.78134557994584,1.68553543845615
2.46055156785267,1.58456452583731,1.9119630533265,2.95423208131694,3.34800324926606,2.30481063967284,1.78486827884123,2.68648094890221,2.67756128494153,1.92150323292853,2.10905266055189,1.96088555975123,2.10029031670134,3.14316043175942,2.34165683428639,2.12944506930466,2.78208983394792,3.67966412272384,1.97924449004422,2.89188055553076,1.88368630289446,2.80181150651466,2.81238565927738,1.6988299000273
2.48474639564257,1.5388520176581,1.94156752967119,2.99097637818486,3.32048105504268,2.27746760984985,1.86646950181246,2.67940500819345,2.68362691461746,1.97686732237682,2.18154612133519,1.92950139616504,2.12881305053354,3.06532885060857,2.38112931404375,2.11559552638312,2.83241175337554,3.66615878713078,1.96778237204223,2.81422311762019,1.90256633439259,2.84960640487859,2.82911329356093,1.69551213505861
2.4913326164903,1.56097990259798,2.03357409074452,2.97231199752882,3.2963539743854,2.29093707056255,1.92224725357919,2.69225380686781,2.68735766286611,1.99970934697538,2.24053818104475,1.89595342728204,2.17483890998365,3.14786147287166,2.39132822793612,2.03074274142857,2.8480487630586,3.62695203205922,2.0979659829307,2.74755080894956,1.90216177770285,2.908201724575,2.86481175400438,1.66148898812866
2.50168825546595,1.60521963372222,2.06592602515416,2.95598725279481,3.28470568033093,2.33969181280607,1.95679907755557,2.70854341195502,2.67015887338202,1.98281565214155,2.30577096631459,1.91902060438078,2.17908244703339,3.06436195156275,2.42385930862681,1.99674664051677,2.88066034740587,3.63284541977834,2.17332617375273,2.73639308911038,1.90194225361562,2.90361907084085,2.90920533631146,1.71030393530227
2.52473514449322,1.56565154519223,2.10288735146007,2.9285253870456,3.27321109300936,2.36990625773457,2.03260603499079,2.73444786331216,2.6809163603483,1.97593910562009,2.33572756959202,1.87625759938796,2.22047680614281,3.04935012672641,2.45110794452111,1.99932333528995,2.90572190233106,3.61326628335664,2.28305555509041,2.78648670992083,1.91216354082114,2.90175408798664,2.90711178212721,1.69277366047591
2.55424061179529,1.68970068357716,2.14281818611115,2.95155499603528,3.2586515268894,2.37917768989274,2.0919344770496,2.80170625659161,2.73436948674317,2.05242668355737,2.35518436052216,1.85291251052048,2.33708708815566,3.07581599529465,2.53747199799476,2.03031268042996,2.85466466397983,3.60903609787204,2.36696497806403,2.88199193592255,1.91758322492627,3.03537174916937,2.87866622026685,1.74484416247821
2.57375356716353,1.76813501191611,2.15361121729082,2.97711057266323,3.27164574799137,2.39620273276593,2.17687417027069,2.83396766067961,2.73357486681904,2.11888612249057,2.37137589494564,1.75700077773625,2.38877720540097,3.04625536306624,2.56355274272585,2.04629042366484,2.79817458858855,3.58341056569274,2.46806871870477,2.87665540672181,1.91617225644227,3.02156878608569,2.9199531741234,1.79476702918746
2.58422179900751,1.79913314714853,2.1653342386443,2.94382311416469,3.27717987842555,2.39131448039067,2.2183640055497,2.7700685293702,2.73455220074835,2.14411742626365,2.35271357185275,1.72718354519046,2.48761887318852,3.06750988228784,2.58856720145121,2.07999375905876,2.81193813108917,3.47959787001589,2.61704522583481,2.87602873383185,1.92345313244057,3.05082651056787,2.89608717716531,1.76491590546224
2.59444285642672,1.83687670950347,2.19962877117141,2.97333161993306,3.30120729993737,2.41154166538672,2.2946354741368,2.86345070866318,2.75770679230644,2.21006688815569,2.35016845175499,1.62205128031638,2.5642857182349,3.05175219755999,2.58209729698321,2.00289648354781,2.84915690924279,3.41473988073727,2.59864222536119,2.86540845350145,1.99029837903275,3.07962374993203,2.94728319389895,1.72870053806503
2.616082637895,1.96360101052105,2.22523707332859,2.99610663703796,3.31267060055463,2.4103144968,2.32308823861534,2.89105250205919,2.72568140065189,2.19434975037411,2.28513100631348,1.55359242237063,2.64995667460569,2.97643122327457,2.62591786196913,2.06129816569238,2.78422193448838,3.20310587310223,2.59773911903437,2.88013719594318,2.01618626645917,3.052959249619,2.9745051160769,1.68758705996589
2.6204108724,2.07899071313491,2.23207153770822,3.00500620302374,3.35315988697999,2.45384390248627,2.34893981718919,2.90939268498863,2.75118990965468,2.17962820340194,2.23467151986128,1.55594282978181,2.73031580554524,3.03788463444405,2.65882534452438,2.13004258097623,2.80774115977149,3.10692037158295,2.47246613111038,3.01857106634101,2.00957053896022,3.0764720057578,3.01606446298648,1.71007205575646
2.65497673841895,2.09597766218981,2.21444550816428,2.942825412221,3.39332397992184,2.52971845390185,2.3824095241411,2.92520922171964,2.77633991121196,2.13519152481072,2.27995620008285,1.600940973914,2.79551251498821,3.03402952478521,2.72566385727006,2.21304782482051,2.78595409465616,3.0473224032596,2.44541886246623,3.08780980823712,2.03833296945144,3.0898056144542,3.04352916209424,1.70466252094232
2.67731678340805,2.12406847399956,2.2218314634551,2.99005857204004,3.4133307812589,2.55776384936741,2.4969697469412,2.98759988703696,2.78257997013673,2.1739603738742,2.28613674095735,1.56656078940126,2.83358986279494,3.12959016444691,2.77616710352363,2.27854281791235,2.7608103010367,3.06565403303638,2.43384767687283,3.01150252074406,2.10438639549697,3.13203739180653,3.02623871465656,1.69830688378231
2.6874174886201,2.24443836694321,2.22874180208494,3.01152431830569,3.42890089554478,2.57396857323791,2.47452344094401,2.90765381600915,2.79661424155636,2.20241400956451,2.34352940763889,1.62332572882273,2.88158382221901,3.19264364991098,2.82694580694081,2.31472209190368,2.78929493199447,3.10105520357286,2.39481945789565,2.97748512501754,2.09627595882704,3.11361321260598,3.02126916080906,1.69927951195843
2.69905681904668,2.30338449345309,2.21774442409978,3.00017327830394,3.34129610365579,2.56785575644647,2.49938943017224,2.91572030029974,2.78339220981675,2.23376130764915,2.37701693543381,1.69343889196593,2.86473850731235,3.24645685910521,2.79275202046923,2.31759590142901,2.80180113240631,3.10605178186287,2.30155227173423,2.98685442666644,2.10557115317733,3.09457345270467,3.05071441541192,1.70751062859775
2.73373287091714,2.39205533081631,2.22000661980051,2.99924411486752,3.33969117814937,2.61218524204372,2.48759377412839,2.92215229786117,2.78788385728621,2.28737167100014,2.43561123818166,1.71806192178831,2.90640633377045,3.28775064465129,2.79872617349854,2.25011455498747,2.81729909041743,3.10412035962423,2.28565731909866,3.00975495109489,2.11095337101892,3.12603716696554,3.0550290284731,1.6658773092478
2.73217675879812,2.52573006091259,2.23134393953592,3.05698576373213,3.33043013906948,2.6622698144166,2.52491410474107,3.06819912893045,2.81843653293161,2.3729487360783,2.48141167952378,1.77981034019869,2.90572021437249,3.24558130990863,2.79198866929233,2.23812459486073,2.85094307231857,3.20486286669946,2.30340793037951,3.01225142737066,2.1472553433889,3.16161897152664,3.09690467611107,1.61656548797328
2.7530441584641,2.57241733957914,2.21538718457777,3.05711291307463,3.32914422246742,2.70208820918564,2.52588526853039,3.07766560562722,2.79373837546214,2.44180817064222,2.5047010153642,1.84449175222884,2.94165101370315,3.32419051601,2.84773119735459,2.34572765695714,2.87727117904356,3.10076044146248,2.42471120278224,3.07220105949843,2.12168017531167,3.14012246318342,3.10406460901654,1.61808249655255
2.77271653183197,2.58259730913957,2.26093419483621,3.06373336318061,3.34348416809098,2.74329891226485,2.59574254462151,3.10019044602699,2.83767093881418,2.53804580379163,2.56449061490072,1.92303109760028,2.94109935883188,3.39002683915168,2.86749520548489,2.40300388078198,2.95944692829946,3.3231990236743,2.53050622731781,3.06860196173881,2.08666734058723,3.17922823256397,3.10079301481989,1.63216177317324
2.80125072508561,2.62634083916942,2.33303844725885,3.04087651673327,3.35918268126243,2.75961218673576,2.63346026722485,3.08019010856996,2.86313369254761,2.66672930847791,2.64813811460412,1.94956558795668,2.89708858070701,3.42477180717239,2.85275380859525,2.40012471132687,2.84874054848052,3.43675579440928,2.69509542026862,3.08608839420036,2.09862017059517,3.22865526065212,3.07788050078106,1.66893140751154
2.79703615792749,2.74840910254371,2.32605022262376,3.15104606269625,3.36823619080182,2.75664867624394,2.66089401215592,3.04132300016816,2.83781144993986,2.77884230232876,2.67153295982303,1.95372821814205,2.93032123198809,3.41467139499303,2.81119282781673,2.4354814816676,2.87331390811265,3.40446334615536,2.79641774274961,3.11807441295731,2.11280287278234,3.2789682275904,3.07576900443505,1.65527890596683
2.8144555902647,2.80385789452055,2.35141192527986,3.19395611674481,3.35603918049977,2.71337929097378,2.65643392924077,2.9588043495372,2.85227925439688,2.78028031228751,2.69860629631451,1.95061751531912,2.95310606982002,3.28706043969086,2.79388425311841,2.42705014134312,2.90883166476334,3.31960622223237,2.84387286445074,3.23699077603995,2.10778797704316,3.30861442631914,3.11164631146301,1.67841838224604
2.8234275813277,2.85380751994881,2.37605566042755,3.22357491858573,3.35728952635355,2.70574805287361,2.78854349525781,3.02518781843929,2.85957283090498,2.81529331865564,2.66585119226486,1.97638942014847,2.97095483120749,3.26874086988801,2.8150059858735,2.36229357041159,2.94418456066621,3.33158334067331,2.89990921644885,3.278490528922,2.1383371520339,3.36534953997529,3.15922569109506,1.72567312114411
2.8389296749557,2.88455410792061,2.41476047592344,3.22684907665243,3.45257269341259,2.7060753773114,2.8681406001684,3.02965247517645,2.87703325883391,2.84169641939917,2.65560873613195,2.06449316165285,2.96404171690439,3.24251158675815,2.8874197735246,2.37252751256765,2.94435913703118,3.35189551740678,3.01731409869751,3.26192580963859,2.16116354187866,3.39963212795605,3.20737982241788,1.72687821842809
2.78415276761458,2.90517271346167,2.47863212611209,3.2564112324604,3.45438902019734,2.72671264823389,2.91068396131783,2.91317265963147,2.84668220053376,2.87504999424243,2.60922083769836,2.11194548370333,2.93755333863777,3.18798797113353,2.9128378699452,2.41453828591741,2.9948339474145,3.37515855105981,3.09376826355218,3.26702131907091,2.21486081107594,3.43074646535847,3.23542698050434,1.76173931505479
2.79829629333141,2.90275998878486,2.56165127168303,3.20734724140462,3.41689696251108,2.75359248490883,2.92378440511853,2.88948130464095,2.8591151139954,2.9272716566053,2.66615706527576,2.25520012470873,2.8512587978026,3.20807203070137,2.93722666139116,2.39066027632796,2.93937625708167,3.37855035497611,3.13493860735735,3.25985470029989,2.11531644227288,3.42526898943909,3.25043800582069,1.75346651673752
2.81203609108209,2.96925126496109,2.56780784344299,3.24547626388775,3.42373847031081,2.78007933592605,2.93574061446443,2.89261495317234,2.89733376506975,2.93213751945395,2.71230791148368,2.32331046297421,2.79759878062252,3.1478167981622,2.94534890767655,2.41892315524806,2.91117463066382,3.52974289656166,3.13331739317031,3.26625304319037,2.11430758727723,3.45157080412156,3.25154912227885,1.78274108779388
2.80637752206667,3.03865349742939,2.56083204592922,3.22707992598176,3.40329151617913,2.70845179827975,2.95239278572573,2.92746497972702,2.88660994402272,2.93317289194253,2.76733327982186,2.38891053145695,2.70993219570496,3.09368120823543,2.87795215229213,2.43531213904718,2.90139410081954,3.47525874163864,2.99973690235965,3.31883685152765,2.19139446185684,3.43976926151859,3.23565775001478,1.85240828672777
2.75240583669187,3.06527888481505,2.55053437858252,3.27175409576318,3.40024621430383,2.7387865442311,3.00365455200452,2.97531032718268,2.90614841270588,2.94245186605792,2.79214685996607,2.50627591876624,2.74921076724341,3.08458064037015,2.8818543174917,2.46288026503395,3.01576212767548,3.45302012981921,2.99433354447179,3.33591400774416,2.22648244169784,3.44963708695386,3.23121517184872,1.93521483208917
2.76308112303941,3.08201197257728,2.56357980608706,3.22252982417245,3.35737239686384,2.72859825213204,3.03371978801869,3.01292667391431,2.98030939021985,2.98182119595133,2.74877681538849,2.64384857305087,2.67544278055113,3.09149269311886,2.86483151736765,2.47542749839842,3.04504583058249,3.48179508510851,2.98707227441112,3.3198387738775,2.27991165957894,3.43929439425725,3.24801985278269,1.90167212718998
2.7519277711596,3.10621622403787,2.56484086289713,3.15974869963412,3.27662347764066,2.83254406115532,3.06506795102356,3.0991236244013,2.98490450484306,3.04057122749177,2.76236681103719,2.82569592893174,2.59101338304275,3.16111763566326,2.8887524984557,2.5006328241227,3.01358437753799,3.52875267035625,2.95734140924042,3.32826810761488,2.24442239800168,3.44777065664994,3.21971985280605,1.92192959473394
2.75972652476019,3.08693389520803,2.61796674801114,3.15713570473483,3.26991874450848,2.84578831361636,3.05891341605782,3.10216160009434,2.98370974804055,3.10088925875014,2.7759807033172,2.9133378613749,2.51854377000186,3.16236982730681,2.83739932157789,2.61739403390488,2.99746830438,3.48250747645256,2.96764145453055,3.31777074130233,2.21297825668014,3.42343621790515,3.19141380604633,1.88420111663472
2.75277245230035,3.03719747095314,2.63254351968177,3.15099610359057,3.23354197279897,2.91240997670591,3.05823178001866,3.11081927355814,2.9918513017161,3.10559665864747,2.81197723093039,2.95049584163901,2.44527034062738,3.15339241830353,2.80521391063863,2.59048368152945,3.04862937031406,3.47259372100859,2.95746610129403,3.33075374426571,2.26862363969107,3.42683753152744,3.17652016339894,1.82594779256723
2.78930904108232,3.00571774972132,2.65962363332421,3.17182888629662,3.24792770513757,2.9436992422049,3.14858389972773,3.23263597285604,3.04761248827556,3.07318081895893,2.87238087477743,3.07917341589153,2.43176877316786,3.1839737477232,2.80156710940312,2.65529231925485,3.08668109539537,3.41270895580329,2.91801215543994,3.36709112815638,2.28512375845524,3.42445789031184,3.17182010061218,1.78937678779581
2.78600991807928,3.02004741096995,2.64160551654917,3.21181119443933,3.26605973043191,2.94316821363014,3.20011778530707,3.279605090356,3.04574169650227,3.09281636180229,2.86735861068531,3.09911858400684,2.48162887203377,3.22271621510447,2.75088135197521,2.66056734833218,3.12982452001884,3.32573666456973,2.84844127928904,3.37606053769004,2.37689750530471,3.44432846126057,3.14690402223447,1.76047747457513
2.77513390952731,3.00090203833129,2.69034576029639,3.14884780152373,3.15352941492532,2.95197168142823,3.20325498812478,3.26143157170591,3.02895617714753,3.11760666638692,2.87413077303678,3.18715036520958,2.55762053517874,3.28440990974105,2.74922359527287,2.66908358654795,3.12276253852383,3.33814506338305,2.89181552054143,3.39615023454247,2.42923566585528,3.43442687228651,3.15186873672833,1.83544045296349
2.77391792462962,2.91653837279948,2.76416482116714,3.13958291885928,3.15376850456537,3.06928881447222,3.21306165420557,3.27580552526277,3.02979581716309,3.09867174462863,2.89480947167952,3.24947812698118,2.57205925703984,3.31241238832667,2.81682992623166,2.67966520734923,3.04688647360023,3.3233791498511,3.03766571916405,3.39164885068456,2.45152525954963,3.47978795698017,3.12958009045262,1.79374094202805
2.81476631795738,2.9287102065042,2.75532698886373,3.0729197798583,3.16239863072781,3.03902449518272,3.16007531317042,3.31386760231897,3.02836841606272,3.08667769044578,2.95414845636262,3.21480284231818,2.63598792793549,3.30282519856052,2.83857788229387,2.67769393758272,3.06373643212294,3.14718700540184,3.03591859027705,3.35939915787242,2.4671866392653,3.47594543399365,3.18443044527099,1.7348434567559
2.81274425601181,2.90571062892184,2.80208771910209,3.14104873787868,3.18292907408007,3.09300712389565,3.19621176695696,3.32419722406699,2.99059350907943,3.05150930675555,3.01066669859492,3.20154206440259,2.58253481470563,3.28060695597009,2.91141589510689,2.61736667118164,3.07911195331301,3.05224922611176,3.05986116274821,3.36338232554697,2.46356068744609,3.49027480121373,3.17416897013129,1.62556326863144
2.83538094809104,2.88171158560367,2.83777359148191,3.15827308825756,3.26383162934551,3.07924980103129,3.19204497084699,3.27405171714632,3.01330101174118,3.0368360521077,3.04015411069265,3.14316571258992,2.71004409679333,3.34274990584074,2.93365528727017,2.5641426563174,3.08638637660374,3.01327867049717,3.10471495536657,3.34216914980237,2.48662630883951,3.50500803002663,3.21161698468881,1.64330341539023
2.85082383265187,2.89957534974879,2.81200475034959,3.09740335557261,3.28065368930649,3.08400307949886,3.18356176771358,3.23712525909996,3.05603076954623,2.99155909603809,3.12688637686067,3.19986881268061,2.80595724221804,3.39443148555437,2.96465778254219,2.49710835338701,3.08448815339356,3.0367754479199,3.09362789355702,3.37907147012951,2.58614918153872,3.50522467744771,3.19807401867454,1.62137243934645
2.88292383274097,2.89881254344597,2.85301046918478,3.01727819827055,3.31848798543484,3.05110229284005,3.18645341165706,3.18034179042679,3.06544280608071,3.03303390623858,3.10070912173875,3.22787132903931,2.90188339025344,3.44910819510271,2.99513426507118,2.57221717476784,3.05465742086687,2.9616383352903,3.12044546444692,3.40743481334359,2.5175500178451,3.50757478785109,3.15955304836716,1.63154283622194
2.78327894224679,2.90261022221834,2.86126553614696,2.88021430740865,3.24601665518737,3.01341728728408,3.17672442929052,3.20755108792944,3.06471054080936,3.06667892160647,3.04030832561759,3.24762555995027,2.96709702469734,3.46533053623948,2.99924985110961,2.56517875601767,3.00506504447249,2.86062867024789,3.17439055779701,3.40562692467653,2.53250166529777,3.47471690012578,3.1564266042458,1.66109371318342
2.80454630440518,2.92240078495348,2.8948989764434,2.83944632508082,3.27242924657186,2.94811172793597,3.17863663932352,3.22255573295938,3.09980660322364,3.08472770078039,3.01886545124793,3.25914343230505,2.98890091149847,3.43860500384853,2.99664720097458,2.64874203799778,2.99763474625609,2.91093846544277,3.2463646017533,3.40897265603196,2.53271152898885,3.34288497533305,3.20866252812943,1.65789741292162
2.77679129134108,2.8521379923462,2.91477494333311,2.83598136732991,3.36887845048225,2.9735460584066,3.21559925101466,3.2737959965846,3.10341849968398,3.12771067547571,2.99915797610483,3.24438793434929,2.95953129710512,3.40714879610586,3.01027698469504,2.66054322742379,3.02714496146453,2.89373691291606,3.22817246031093,3.39028345549069,2.55137261704439,3.30334608005936,3.11213982060618,1.64126892087711
2.79522983312437,2.90620541947599,2.89578765847179,2.87251991814364,3.34408160222622,2.92643018274255,3.23499768364432,3.28496859354524,3.1357763578785,3.1768808074438,2.95356567721791,3.26093961171352,2.97329237848596,3.42455176447715,3.02349858894649,2.6270421665077,3.07952683154186,2.78367496289415,3.22811413463686,3.39326622666157,2.53460955439961,3.29529563474524,3.12462858574917,1.58860532378069
2.78270599613887,2.87906761398324,2.91199260984572,2.85594741500629,3.23545075466436,2.9919818103626,3.28581500182901,3.30560911333374,3.09671157072339,3.2097045990999,2.85868943102701,3.35805133435975,2.94175268732601,3.34297535255513,3.04197534163245,2.61617331375197,3.03837063396633,2.87738262653046,3.28660433692293,3.40368265777105,2.55308741936755,3.26602463285411,2.99082328303396,1.58217384526482
2.77951019798129,2.86981652752013,2.88507646506213,2.84900841349077,3.20701782189888,2.9194358314997,3.2947345629164,3.24208252762172,3.13102566637833,3.23559456630893,2.88385644156559,3.39069824373151,2.96112530445854,3.3736435641901,3.02948360568246,2.68418554002953,3.04251414759111,3.00464234958633,3.26560650098294,3.43068254968018,2.58773896152514,3.24608677128689,2.90531608546779,1.55651782641431
2.70353545228656,2.78264419706217,2.87211239525272,2.89736283413927,3.22329078129864,2.91072276162275,3.33208488798247,3.29410999795072,3.13709445398313,3.22729503338269,2.91348580827284,3.45999104141605,2.95992595842925,3.38370826602307,3.03655374516656,2.73474726842947,3.10117145578714,2.99007673585064,3.27455046498061,3.37628349893678,2.64251328586946,3.19359652890035,2.70692154862919,1.56770947945479
2.65891651111795,2.7824812631077,2.89016048128527,2.96848494753689,3.20085210327481,2.97039283330969,3.35378548762981,3.36074776549713,3.13511051553343,3.20468719314421,2.79727698201328,3.4675532283923,2.97404858315966,3.36517742448528,3.08262463093087,2.79475382626696,3.05416856102391,2.86504689707882,3.27736606086881,3.36347376661302,2.64738279679197,3.18287483092526,2.60867387370786,1.52715763423583
2.63587082833581,2.81910354086636,2.92024241046286,3.11404469748422,3.18393569415209,2.99014753762545,3.37421288349016,3.42859564746334,3.08149815881627,3.23126231019356,2.76712704037142,3.45393033400737,3.00501890208563,3.321228750479,3.03148686647372,2.78396468766745,3.09620725292316,2.91308235508521,3.25052203263928,3.28958557922871,2.73929522016071,3.13066190682456,2.54315573873597,1.50977952011035
2.7653473365137,2.8523891276693,2.90498003915806,3.19466458479622,3.20957966717671,2.94448750025265,3.37814278314371,3.41626199606692,3.11290145415006,3.24666150527769,2.83829012119664,3.44528875477703,3.03266047541205,3.34073682508635,2.95734368766444,2.78234439881848,3.11578853029267,3.06788963078842,3.23138720929573,3.26197761310715,2.75415384815181,3.11905438745154,2.43529364461127,1.49726073438304
2.77973874666075,2.83797357218816,2.91353214293834,3.23959740827011,3.1801954809022,3.0329438239263,3.36943236393444,3.37372170104125,3.05218749124606,3.2249419301804,2.84679301957163,3.40886539254623,3.08151957033407,3.36477042382376,3.02123738477373,2.76576567447045,3.16344067064488,3.07022538840848,3.22032460686571,3.25915073918167,2.7945748266494,3.25605564899693,2.31114759573452,1.49438983964339
2.83539041747694,2.91754603112152,2.92075184186383,3.30684144840916,3.18230467423673,2.99051842003643,3.35859519911483,3.38348942973655,3.1101419293432,3.18458954889821,2.77175819858628,3.37617773359261,3.08950287930455,3.3992747934939,3.00047235189148,2.78158680257631,3.10363961186896,3.05335549707121,3.21020447377376,3.23870674292004,2.82459854843658,3.30297916000176,2.29717196137493,1.54233583877664
2.81458910953657,2.90398550957369,2.96021294081651,3.33435361903675,3.13825002209323,3.03383119378582,3.37475578845463,3.35344307375896,3.09206942370746,3.18634222406509,2.7705506965783,3.37257203559649,3.15663817442563,3.44072625048569,2.97898535943411,2.84493153533751,3.1263661768717,3.21812347229221,3.20084891522027,3.23627579820145,2.84768784124755,3.23808398531519,2.23782528461348,1.53358681961115
2.86900158532224,2.92749330573187,3.01529307456456,3.42775092160474,3.23207650440639,3.01906233525906,3.3781647618092,3.23510500861875,3.11427177486748,3.17052286738739,2.84881176729396,3.34266848803034,3.13546035568154,3.54662896520648,2.95298467758759,2.87362463619802,3.15630396447107,3.22671864275674,3.1325468364726,3.24964085792745,2.88172014869375,3.25489838349276,2.26498822244466,1.53241734007464
2.78529506869984,2.94156065598667,3.06087454539835,3.37744216472485,3.24792338370007,3.10679703123259,3.40621772313797,3.32484383006355,3.12649034235679,3.18461410731284,2.83814151602362,3.35204580605261,3.23950368192105,3.49451331973964,2.93783663279576,2.82241294222365,3.1385203720856,3.25226350257247,3.16799416639801,3.29018498364241,2.8676931357815,3.21049335201123,2.24610008909522,1.59038772656543
2.83742818487388,3.01930976467745,3.06651410269701,3.29197613751623,3.15002990194668,3.1363256682639,3.40319606653729,3.29531700001998,3.12795454237964,3.2388256484806,2.85099855866974,3.28391602695205,3.21786267548602,3.47235417813441,2.92228199088608,2.80853530532205,3.11957747825074,3.32282790364678,3.14294591199396,3.36789314145502,2.81064541841975,3.26386676140048,2.37845825568881,1.65087119532934
2.8112173514658,3.02520663947091,3.13810722324945,3.20647601606865,3.14211209274802,3.1386245874877,3.37882666098095,3.31412644003013,3.09909509666649,3.24504454966764,2.96399313706271,3.26296072981779,3.22431708343898,3.44139991939365,2.89772505995471,2.70238289515923,3.18908562333547,3.42710224968719,3.13714155619632,3.38846302308022,2.80491233420895,#DIV/0!,2.41955830836164,1.69778421722913
2.84883170293141,3.02773245524859,3.00138579054628,3.00338632988864,3.15681447434523,3.195556037965,3.37096250915278,3.19111714071833,3.17225840642121,3.21893149336453,3.05786181914862,3.28057101286944,3.26110127071876,3.43055076901653,2.9451644958212,2.67561185700511,3.18268225524652,3.40870566226814,3.12842567587978,3.452467694702,2.78305813392753,#DIV/0!,2.49399157231201,1.74169807793169
2.83435214252558,3.04513683665401,3.04373384471288,3.0292329636046,3.19277606614357,3.2867076561292,3.34754251186942,3.20133498902317,3.14448972842816,3.19084381055044,3.0697912802424,3.2940072456232,3.25899362080573,3.41175681731328,2.9945164794039,2.59962539986637,3.1719283188296,3.36098806567417,3.15453169776861,3.49116282794271,2.80412287168369,#DIV/0!,2.56498095484466,1.77969816145067
2.85060286542453,3.0435554240843,3.04534288647184,3.00241690680669,3.21050335275052,3.31361896476146,3.33351740558704,3.24181017920396,3.15899789555709,3.21628589357928,3.1294094172317,3.30917970674126,3.23931857994573,3.27727115206528,2.96726039313895,2.57050496932875,3.13509022930768,3.33846916745809,3.16021795253848,3.49671258498548,2.77564581220459,#DIV/0!,2.64896838641754,1.85398737069503
2.72770575013743,3.05594130427508,3.01683829099739,2.88882183855212,3.22035601141517,3.3600023360208,3.36810462366786,3.21968818262986,3.10511707290149,3.25585766138869,3.22236863435073,3.32265374639168,3.24083818675189,3.20933048319902,2.97906403305597,2.56546590461451,3.15257811496518,3.36667642366433,3.13257820841272,3.51819270838841,2.78424679678301,#DIV/0!,2.76092723001445,1.91008869124395
2.74604511467647,3.12666391303458,2.93968223619371,2.887295324416,3.28988714088148,3.32314606006498,3.30422257365845,3.23699305801745,3.11488992225226,3.25558564245218,3.29370789684661,3.29017945280063,3.281490278095,3.22018471199585,3.02141355106918,2.46874003560014,3.16631254353127,3.35780085054448,3.13346324884067,3.52515514051875,2.80088795558894,#DIV/0!,2.83473749278091,1.8712766909423
2.74604643388336,3.16746753875242,2.94906426340364,2.92240402939028,3.28726725221943,3.32706582270638,3.2742702412842,3.3012534743207,3.10401462855238,3.27250702362042,3.28782486230147,3.30916987179,3.3224811349872,3.21546693787869,2.94911163551737,2.44163769504769,3.17051080840171,3.39450089833074,3.2095196969986,3.52605275467796,2.69493447854575,#DIV/0!,2.94196890869458,1.95845379076234
2.8723253694204,3.18665509000852,2.95545990242509,2.96186067135076,3.28614580314389,3.3275357798413,3.23692424755179,3.27923554904542,3.12421218837278,3.30368116716918,3.25803135799905,3.29149304835696,3.35390729401414,3.28109777972825,2.99532892757303,2.4261213553702,3.21007854787972,3.33209964481355,3.18347088213134,3.47494933463719,2.71883285897806,#DIV/0!,3.08625288075554,2.00890388719018
2.788398728465,3.17745417957628,2.98496118760732,3.02560595893704,3.39084236833787,3.32972664023302,3.23211895494012,3.31911410184962,3.16073362574004,3.34075933274776,3.23424342461688,3.36940468659474,3.38589769238615,3.28011761868892,2.97815465888786,2.46149002000882,3.22781493271669,3.13643234712289,3.20914512427775,3.48382013969397,2.80701359260536,#DIV/0!,3.15965480426666,2.01237080672243
2.85130776754598,3.18225093183721,2.96261502200677,3.09889278532571,3.40857475812835,3.25677509513083,3.29111391937374,3.25732201960117,3.19816274914712,3.42140856604254,3.22629678605308,3.40221718552704,3.39494144950915,3.33072687063395,2.94592810816522,2.39220320880422,3.25945904958286,3.10820792773882,3.09075330161091,3.49668057732028,2.82179320319993,#DIV/0!,3.25463983304157,2.04931709370274
2.83904442049239,3.20135509306045,3.10390190262178,3.26051776995248,3.38193520774751,3.23442576883795,3.17337370842801,3.32007419185519,3.17132369169255,3.42638033481678,3.16895433025696,3.41090609722602,3.38990826983739,3.31752824317042,2.96252611686643,2.33261558805744,3.27174948709238,3.11745806673731,3.04411103571148,3.49710921567052,2.82321340775229,#DIV/0!,3.28198071060911,2.08817123774311
2.87356817974576,3.21777201111681,3.13104246679207,3.21925095132759,3.39786962904415,3.24891018349836,3.17241267515714,3.29708998087881,3.14555410823741,3.49823195672107,3.14948837207605,3.41827193114443,3.39391851677082,3.33617843497524,3.00478768735463,2.38746076094188,3.24168225389189,3.15487772107816,3.01951251318293,3.4953786921876,2.7951646850292,#DIV/0!,3.3479715694895,2.10099382312001
2.87858895264436,3.25724255236113,3.12570423130729,3.17081550713078,3.41371935307217,3.23888136774453,3.16236128311708,3.24969408394177,3.14819246103993,3.43399340105875,3.09806954555656,3.39766699887568,3.3379231693833,3.4112304738854,3.03385049851488,2.41471439083298,3.26742100365921,3.16137619009659,3.0267217459932,3.52671530043766,2.72262327183449,#DIV/0!,3.3159473688027,2.16037499071538
3.03430532457282,3.28913004319279,3.11632828198033,3.27798232824283,3.41097390567627,3.24129283339168,3.14695866786541,3.22960979931001,3.17185166865215,3.37242093068816,3.17251136950234,3.43994408208297,3.35838696869973,3.45212854359131,3.07265322406656,2.39991955458093,3.34536790689108,3.18394201601832,3.0243276872383,3.53547330094499,2.64324756129439,#DIV/0!,3.35729911441951,2.08288578397288
3.06786802037384,3.28225566458196,3.13180379125527,3.24678476669302,3.41711819050944,3.29186207300087,3.16458785610476,3.20166390977789,3.12948519990385,3.36602129518651,3.13611069547507,3.47938906654096,3.35739708592128,3.41494315317673,3.04282482040746,2.45897110431299,3.34131793486278,3.23740202493848,3.0209686491768,3.50049643672898,2.61424873469387,#DIV/0!,3.41277893140556,2.09173903726763
2.88686475440988,3.24267661339289,3.14233610079506,3.23813229611943,3.36761552315367,3.29622463532752,3.1364060745741,3.23844194624565,3.1216120739372,3.33685029953057,3.13904715471869,3.48838692652524,3.37714064610801,3.43189832424822,3.15518518647854,2.44284131613295,3.38392310476448,3.30697845822215,2.95515928370235,3.53774522947668,2.74912589563368,#DIV/0!,3.24681619728486,2.18900645158824
2.87334310365175,3.24430912301815,3.09369924452226,3.23097932932222,3.38037739348405,3.25821408683544,3.18143796276046,3.24734474124797,3.08082099725718,3.30568954664668,3.14092187749989,3.49480298453081,3.25981582050993,3.34491517595266,3.08736563822712,2.48170523661863,3.40415793424622,3.3006792408684,2.96380787309674,3.58414196352516,2.65983372653724,#DIV/0!,3.15431788413585,2.18968628399183
2.99173927847998,3.28344418390507,3.12719650800517,3.25288560041193,3.36182826962052,3.25523317601371,3.15012712523446,3.25021519989363,3.07364469948927,3.27652473215698,3.17680752299549,3.45285812024598,3.13580965406705,3.38021655015948,3.12063354855192,2.36927897075096,3.39168252841821,3.40570870523327,2.98253279269451,3.56215649274934,2.6624058897799,#DIV/0!,3.13039444946434,2.17286729640713
2.990724102262,3.25601814813582,3.14829569010058,3.16825064627254,3.38357366304107,3.2733602900843,3.14808145621237,3.30990413142109,3.08204432412894,3.22336383127627,3.1475316421165,3.43509279826474,2.92847731214395,3.39387144694898,3.13433291798628,2.48575530951759,3.27199443112581,3.4328257841204,3.11524440144046,3.55114285482753,2.69470513415124,#DIV/0!,3.12158772368049,2.244201416622
3.00583563798639,3.28294918089153,3.11628498846392,3.05263753677366,3.39406750270486,3.27450143820813,3.28948636720692,3.32280601342001,3.11701126216984,3.17345265818637,3.18299624264659,3.4278180361543,2.8168458530186,3.46998043919717,3.07962045714257,2.54708609034213,3.16466655911422,3.4804105988501,3.07376030467457,3.54839591166017,2.71356036924481,#DIV/0!,3.11543430625197,2.24068517940747
2.9953785164529,3.28180040592848,3.09678610159665,3.0628990968277,3.37721013894916,3.24269164851605,3.32806228667228,3.34710378847665,3.14978726464975,3.13333863300308,3.20490193184611,3.41688263302225,2.84317382626869,3.48819046156134,3.0362724270237,2.59184661984328,3.21529787809133,3.51629503227671,3.05286017669045,3.58979679246683,2.64594175244863,#DIV/0!,3.04875972235458,2.26170801608537
3.00725273264136,3.21276496659669,3.08690083585403,3.14830139551571,3.3468598739343,3.23797498175852,3.37251870906719,3.39471026424022,3.19906864987597,3.20179924486763,3.27429541427563,3.41879833572446,2.90785070475839,3.46932671325934,3.0047620531221,2.61015592497238,3.23696024100104,3.56204346110497,2.97601934835437,3.60357507408283,2.76702610749195,#DIV/0!,3.07247510924959,2.21424709028479
2.97631634191957,3.17517707259439,3.18774187756344,3.13910824733396,3.34518347994986,3.24118929156475,3.36582135117171,3.40906642065864,3.16690038867865,3.20912015429869,3.24857625281409,3.30851760846038,2.93699320874916,3.48705776334256,2.97013264145439,2.59177135738416,3.22692056343676,3.51797945716665,3.00290091621064,3.61096761101699,2.86343432007639,#DIV/0!,3.02399078441966,2.13001502286611
2.97112893297383,3.17917344109045,3.20637095442721,3.14259073260877,3.3436120022248,3.23368340962148,3.40805601825599,3.46794781282591,3.24896405127473,3.19888197447868,3.27830176037515,3.33034393411622,2.86943690556538,3.44571112489171,2.9894122267949,2.58505000252639,3.24405075024122,3.43537809905302,2.97542108491849,3.63244655328053,2.82609154164502,#DIV/0!,2.90271940089109,2.14656217130842
3.0328828584362,3.17265343165365,3.2410628999051,3.14607514684894,3.41395046980037,3.21430410188577,3.44966085416508,3.47385798512163,3.31958802826476,3.20340067582947,3.24302109297205,3.31804845084751,2.67862331213436,3.39625757022918,2.96098322833325,2.60092564538994,3.20140558380929,3.37888962610531,3.04550792048251,3.55089237673659,2.72471093572568,#DIV/0!,3.00767516004118,2.14871317562093
3.03652340916579,3.21371466635283,3.350163553169,3.16033579077873,3.41363479259637,3.13886311119737,3.45313418626219,3.49231554992187,3.35285231478676,3.21484114459547,3.26165022758,3.29947396974519,2.72358441257197,3.48623044965992,2.96263595310261,2.61618146112196,3.13078815527068,3.47159256303433,3.04871882463047,3.52141135264575,2.82309008299589,#DIV/0!,3.04162474422795,2.03797295018919
2.98148398127372,3.22465954715045,3.38919587425501,3.15391335021677,3.40594400368496,3.15417237998346,3.48854630902249,3.50525824736629,3.35134727272488,3.20881010004577,3.26273844082941,3.33292173449593,2.80423165630227,3.48733611960039,2.9697741949456,2.7442689062263,3.12144307326758,3.5309034045036,3.06349396491747,3.51969818569083,2.80723682516844,#DIV/0!,3.06374743780429,1.99629279942681
3.01444685655027,3.22183996035727,3.33437530121183,3.17650075221287,3.39759791236787,3.18800731243143,3.47394914334229,3.48884392652318,3.32960685253343,3.26446023907592,3.27155765607677,3.3660419835369,2.97039495039858,3.44985143679671,2.9621754867108,2.82443624329516,3.25283745413454,3.57270935590449,3.08196636203514,3.51011107602229,2.79354431549006,#DIV/0!,3.0701512300879,1.97660604638309
2.99308361384372,3.20333583730731,3.35995947054637,3.24590552563074,3.42173178066681,3.08215679607897,3.47518400099131,3.50171602360545,3.31437333892287,3.30042399321978,3.26282728515036,3.3733262696761,3.03924742466243,3.42048956108248,3.04500991353948,2.87769749686752,3.32810114193896,3.52340100065402,3.20148763178486,3.52689009306892,2.80370492366996,#DIV/0!,3.08212148519738,1.84973903626713
2.98867124259804,3.22274598132929,3.33813623895734,3.30754843761675,3.43805940334412,3.1205005965889,3.49688505991871,3.50285131361909,3.34082910546696,3.3345568940619,3.25543343003518,3.37013114576759,3.02332228864554,3.32677867157545,3.12261610918309,2.88836902419979,3.31294941001419,3.46857813411466,3.2068740447057,3.50704476570482,2.91864587444211,#DIV/0!,3.12173391778336,1.86304829347246
2.94602347513665,3.27262184294038,3.27069539183435,3.26759095620829,3.48237400279102,3.01472512596365,3.52554663134943,3.50734627644027,3.30993037668105,3.32184891839236,3.25219907546065,3.39733267634922,3.06180978299156,3.39974385904202,3.01589156444704,2.90852696809983,3.32016669561208,3.4347325476136,3.27761361894893,3.50264251035797,2.95660974115958,#DIV/0!,3.16519867108259,1.76160521364073
2.97784606750141,3.32216017670982,3.20109644080804,3.18390441336513,3.4465505423556,2.95405850028427,3.5500521235318,3.55591687803223,3.27792469977699,3.26409758289847,3.30159004859495,3.4514112138023,2.94181869512187,3.37711719063876,3.02056293894852,2.96447701180629,3.23966467163688,3.32019859270925,3.31643508616209,3.48548860488361,2.95047561195684,#DIV/0!,3.19589951890206,1.74847930944485
2.98554354372815,3.30324305574408,3.25482170559426,3.09572475476534,3.43393836778246,2.96629970643885,3.56042863016884,3.53069620795749,3.24290140219324,3.28869701648856,3.2930922229571,3.35744502285331,2.93757319170794,3.34370515332787,3.02201205402414,3.01497758095828,3.18483597027218,3.3104856269176,3.31052159397113,3.48366528244806,3.04217109325264,#DIV/0!,3.31960677932853,1.80468030127558
3.10918258694642,3.31533441551753,3.18458685375733,3.09552986456642,3.41772099329951,3.00264725356575,3.59763996019862,3.53265282942914,3.216415071014,3.25977534492818,3.30875784504436,3.35225703831084,3.09674981275527,3.37938427304773,3.00919392577628,3.05420523924992,3.18599464667721,3.30135899836339,3.29540797244598,3.54471351198473,3.15270789517245,#DIV/0!,3.31587421345586,1.79275984109517
3.12887401493863,3.26293718064726,3.13136414592504,3.12850205266222,3.4088674411823,3.08184371634856,3.57241941066525,3.51590140378933,3.20351402075741,3.12134558041348,3.36338866056914,3.34440430506098,3.11555315622175,3.36252724381248,3.00237893716958,3.0387093544727,3.23688657266273,3.28545619769156,3.31332627988959,3.56985727100946,3.16273154870199,#DIV/0!,3.33017575801881,1.79536739848565
3.21771172142296,3.25714087570907,3.05076848183789,3.10384446644729,3.39895127134765,3.0751292826401,3.53063544285304,3.51236912188214,3.16994392600102,2.99602719318357,3.33132561208638,3.30038721510525,3.03570566279189,3.36877843530418,3.00696478069778,3.035476652617,3.27537629778742,3.33808966654851,3.29991645649467,3.58336218740236,3.10309442582429,#DIV/0!,3.26853780788283,1.79057107696377
3.24882347685637,3.21098330637475,3.06972195188665,3.20800226565233,3.3757998178842,3.07354033424977,3.51896605778558,3.53826982193218,3.17668886602976,2.93444934613614,3.36094680544942,3.27390031597263,3.09121826691041,3.40646548831297,3.01849221294791,3.01706435766972,3.28143216134429,3.32177389475478,3.31517304836306,3.60287640131449,3.11668373339463,#DIV/0!,3.22527156290721,1.77197441052566
3.29357620178291,3.24317993563721,3.0640402691068,3.21570759789008,3.36537000676321,3.17562831385258,3.45227953786505,3.6067808814865,3.20215172107149,2.92627189646787,3.39448150335988,3.27739578100076,3.08565192346317,3.43436198938822,2.92644695492775,3.00464268483755,3.34211774223495,3.34668778561633,3.28905134943417,3.59913539426792,3.15441687567793,#DIV/0!,3.19865060118551,1.84508857875155
3.32887742359758,3.17248522318592,3.12876304297176,3.13245612094545,3.37176573503986,3.11000226960017,3.3593445289074,3.59956062573561,3.19239873701982,2.89816160180682,3.4401091884256,3.30680499277705,3.00837306866052,3.52162565363451,2.89577365840873,3.02454893794599,3.37115012826919,3.38344149062727,3.30708234676448,3.60579934736856,3.13011762902102,#DIV/0!,3.19042474427987,1.85819056440594
3.32972131235255,3.15313581022728,3.20277851071007,3.20061378957836,3.36734819095805,3.22681766984315,3.36562118097122,3.56884292997845,3.21094905660998,2.87376694206262,3.43761700024473,3.30100018162259,2.96747957341346,3.52745519979695,3.0138506415628,3.01920515626364,3.39670065397529,3.35582377546302,3.30859577529699,3.61502673806132,3.00210701549485,#DIV/0!,3.1846687226697,1.86771916001286
3.21029179132549,3.10149328074596,3.23231161337261,3.28093259992975,3.384369436867,3.18418271028176,3.35988308477766,3.5093031702571,3.27409712906853,2.91902185982274,3.3884160842465,3.35778912715296,3.11452015865502,3.55174437072376,3.012562002385,3.01391977400811,3.42040924127482,3.4316761988352,3.32328698802022,3.66645156976476,3.02276352398068,#DIV/0!,3.16633702696482,1.98574258876617
3.1670170157749,3.12985942395132,3.2813423698869,3.23244670109275,3.37379549798182,3.18455176674622,3.35072191521216,3.52705335218962,3.2892224179919,2.90237969322611,3.4183947582168,3.39523694175576,3.20519867217502,3.67379761409873,3.01539458645037,3.02383654999787,3.50504922257905,3.49233791439673,3.35971294622251,3.6938832526054,2.99813956541767,#DIV/0!,3.13359740861338,2.09735827427955
3.14612781141203,3.16131166358702,3.29713962726538,3.20021123159679,3.39011602597847,3.18438579939795,3.33765790318722,3.51292520812136,3.30687470452442,2.92260267210585,3.43088592482123,3.40225767152171,3.23142223991907,3.67547810004963,3.04365832569967,3.05159440574469,3.44115274791447,3.49647407132273,3.38744829216047,3.70699265155499,2.94908873688378,#DIV/0!,3.20313937841387,2.17158194625561
3.00132135802021,3.21441632096432,3.32172177531485,3.17636663759721,3.38106304408664,3.20457762335048,3.37149992361396,3.54604057435085,3.32321121523626,3.05173968143037,3.39501545853392,3.43641036347715,3.28281142753639,3.68253315743679,3.08506328020077,3.1195798860946,3.44237619413758,3.48356043327763,3.38797812633965,3.70709752434496,2.96841593031012,#DIV/0!,3.25271120552392,2.23759672288401
2.95159558438605,3.23865831154567,3.39434717987542,3.19377214596756,3.40859822592229,3.19605264846332,3.36331053976362,3.57221975422143,3.37488832863637,3.18767935606593,3.31153332666919,3.48586376983066,3.4245013794799,3.63852575495536,3.08168790679977,3.15025226518746,3.38575032075554,3.43817113554184,3.35471340682317,3.71830067965856,3.08324755608002,#DIV/0!,3.31596108285283,2.21883508387941
2.76538067944948,3.26801142040318,3.42222164611621,3.18457335433473,3.4386140182115,3.24436493243641,3.36305739675108,3.59802019647757,3.37782733278993,3.21060043267451,3.30513065111987,3.49323958484016,3.41156487061487,3.61108386432876,3.10693717800403,3.19620718775606,3.30531031951195,3.45937988857319,3.29705728738774,3.72896029296851,3.10101175154551,#DIV/0!,3.35661238281718,2.34240647361633
2.74899710417055,3.28167400901603,3.44465725470796,3.2242360264655,3.45529039909278,3.25114866346649,3.3638576451126,3.48851065974149,3.35287449433183,3.24247878034294,3.3312302754103,3.48220479535291,3.44511535771297,3.59403812890433,3.18777552678233,3.24669407853143,3.32752550828525,3.40403045331829,3.34585205043908,3.7187572266914,3.11675885693693,#DIV/0!,3.36379309854297,2.44360879340965
2.71608224731337,3.21733235316582,3.46597887957931,3.31286110290973,3.4531697717444,3.31409559781105,3.39839868806125,3.45392159652903,3.34509351430645,3.27662813360734,3.33813913015247,3.36239602438009,3.46644686678526,3.58549135297707,3.19582761638494,3.28532741342789,3.34761181006556,3.40693866581826,3.37699649965548,3.67373949255019,3.17306312800161,#DIV/0!,3.37923201831395,2.45432766919546
2.72173062278183,3.30422568351421,3.46181843904452,3.32905014201742,3.4026867318987,3.28574719873479,3.28839938748511,3.45107210949545,3.31068262597226,3.33394248684386,3.31877646390653,3.36445237758599,3.48040145843171,3.58597542546777,3.23713787108127,3.34975402035647,3.33295537323157,3.45453659504006,3.33164471878907,3.64887063639702,3.16852040484397,#DIV/0!,3.36239771544763,2.5569919988975
2.86024371446086,3.36923172539755,3.47604460214436,3.35622083578909,3.44061118007489,3.34645088412079,3.22467158173855,3.46529780017211,3.34061828448342,3.40355926564308,3.2359153712803,3.37845000717789,3.35351197071693,3.59666460314753,3.20766185826423,3.40141197464891,3.40880798979444,3.50647138869241,3.28462601846844,3.6172729357359,3.13739233056855,#DIV/0!,3.29265375219898,2.43929873527837
2.93335117937259,3.32435133163773,3.35941674506916,3.48379722373324,3.50450318075947,3.29884614912191,3.21418209642103,3.44818442365531,3.36257429761252,3.44115718490426,3.17977526667002,3.40132212779875,3.25719742973049,3.55743716438221,3.2374070476863,3.36735628441079,3.37950096070722,3.40948291526778,3.30060219332637,3.62439889801911,3.16887098563979,#DIV/0!,3.28556410013195,2.42167312383775
2.99116280333382,3.27894478829903,3.43510706047042,3.49805264748109,3.50977511001995,3.28547505368997,3.20392113726007,3.43804033413992,3.33362492063358,3.49380238655201,3.18097791028559,3.41704321065115,3.23698841935507,3.56746517220691,3.20726281033489,3.38484451730208,3.41188816368847,3.41539531702453,3.28854184739553,3.61954199130871,3.21656644604376,#DIV/0!,3.30813049529264,2.31253427227901
3.04359207435377,3.25431799153497,3.4482725458735,3.46451360691062,3.56711437534927,3.29392219962951,3.15359602400543,3.39157829408055,3.34462414149723,3.46445830269176,3.20522473950261,3.38929261315216,3.20865008771199,3.58895971832248,3.09955297059601,3.41154720396859,3.41279536212497,3.43908627726787,3.30781436036869,3.60362675897247,3.11399013911989,#DIV/0!,3.29289671073687,2.2610810627659
3.05899785435406,3.24012636240239,3.47401850460498,3.44594779976095,3.56215815789284,3.32415108609518,3.19835971780686,3.31849082626864,3.34883019517946,3.43214785163621,3.23982880768093,3.27934756818147,3.16038998451175,3.50497499791346,3.07469924614525,3.4564881818895,3.43657221940759,3.46336199370497,3.30902770205522,3.60901040720184,3.06381175629443,#DIV/0!,3.28455353060304,2.33523795724602
3.22220654256376,3.32491925770837,3.51760835627194,3.44041154040142,3.57948321670812,3.30866394497995,3.21818882641781,3.3040160414822,3.36834161730434,3.44789783025916,3.25404791640567,3.26834060532121,3.16091933096204,3.50676731240453,3.03157147249768,3.4806194629858,3.50005976637354,3.45535261823612,3.39944163203863,3.59471716168297,3.05671120234992,#DIV/0!,3.30562036813143,2.36938484813604
3.24834983958128,3.29767093804691,3.52813404254573,3.50857095035889,3.50901939728517,3.31760058380219,3.20836552167856,3.35000393006576,3.40109563256897,3.44291539330388,3.23785271407282,3.273044212447,3.13848098940058,3.50074195464191,3.00268258841225,3.43275099100555,3.45226458544373,3.40983224559369,3.41226730001106,3.61787829327445,3.03595430026329,#DIV/0!,3.36022383020025,2.26387372874698
3.20384843665993,3.39803923983968,3.52517544957232,3.37705492889697,3.54094628060415,3.23834646739639,3.19712624138888,3.41477330433139,3.42068303155151,3.44108535301943,3.22130740790624,3.37272698771997,3.19710546716235,3.50384819864717,2.95925520216753,3.39401850280479,3.41011115476298,3.30978492754415,3.40615415693054,3.63044372043636,2.99417222484663,#DIV/0!,3.28410022757627,2.28183865399046
3.08435142749587,3.32974993901572,3.57908668001381,3.33764706325185,3.58536954187779,3.24431587552587,3.24219707039408,3.44444558054558,3.47648237061279,3.38880877912963,3.21715271479756,3.38819198866072,3.04545464287816,3.49334588389651,2.89593790863886,3.39118985336289,3.40420100653619,3.28311897344507,3.49187775464759,3.58592598274132,3.14214136605728,#DIV/0!,3.27862117228669,2.28799558987789
2.98606077794171,3.27196461886377,3.59219410083635,3.30529140643296,3.54478546423403,3.22765366980131,3.23949056166638,3.47675162109976,3.40001874985415,3.36047702588745,3.30270996511878,3.34574460796321,3.03556862763365,3.51078624880598,2.93201188934054,3.40100217199976,3.3500890868287,3.29404771875467,3.45649634204348,3.59632286875464,3.18011346961253,#DIV/0!,3.3692954848546,2.29107649622818
2.97056727651202,3.18952472446373,3.68829221623413,3.30289115749727,3.52448080255396,3.29048970581123,3.25070198041592,3.45755134992221,3.41965088941457,3.37501205236095,3.33470240247449,3.34982475956499,3.08799734697818,3.52103153902605,2.93685132929673,3.48107116553967,3.35711903124954,3.38302137621315,3.49932402731471,3.57712309659322,3.05281525708169,#DIV/0!,3.29551329688789,2.33152712400593
2.9652034502424,3.15893591825107,3.65814508940197,3.27642094738916,3.45671489568373,3.25882822510727,3.29382410343524,3.48732765242092,3.46037674011893,3.32678298307656,3.36284783514927,3.30196822202758,3.10039493363459,3.4844498041868,2.9743385018838,3.33799369547633,3.42463377486117,3.36685203398857,3.51584391207002,3.53113716399017,3.04385820807256,#DIV/0!,3.25700512573869,2.21444685958626
3.0616507646195,3.10610401075984,3.68746273426052,3.32055659165789,3.44056618170243,3.28228697733342,3.33390160086765,3.5192642695135,3.46224371200712,3.35145065689921,3.34953114230956,3.30340280906527,3.12290849840942,3.4785887094915,3.11381278091051,3.28974016535398,3.42895626419694,3.35036275414575,3.45536014768164,3.48118987653574,3.13806173122018,#DIV/0!,3.28785747675612,2.21970921255625
3.10666614893768,3.10630010253112,3.66434364680796,3.368329428303,3.4164670800715,3.26826217127048,3.35096890279363,3.54226818145231,3.4463803947268,3.32577335116364,3.42514282795701,3.42892751722391,3.11897370406433,3.61075832868338,3.11348931381879,3.22945672180544,3.40754881672298,3.29095520011963,3.51160087247518,3.41742514464171,3.19045112513279,#DIV/0!,3.30975271135482,2.22467736810504
3.09011420019654,3.09807685086339,3.63610576599306,3.28738491675622,3.31396823917564,3.24760077253292,3.35821321156497,3.54177054818626,3.44070016751527,3.32605595711927,3.40215013010978,3.41152430664481,3.10144758370574,3.64713251905408,3.14034324733362,3.21182237022209,3.38333411633794,3.27268120675932,3.49050094268653,3.40929076513977,3.22258330289781,#DIV/0!,3.27528456788739,2.21993843329168
3.09742888657638,3.10979003590769,3.64692073691775,3.16945553623257,3.37961885744457,3.24273692294866,3.38611219861416,3.56529372915848,3.43484945315031,3.35308239133261,3.41299201526899,3.38703364945521,3.1305082171932,3.67189283777051,3.17263001962078,3.25647029526388,3.40848624298042,3.20361184743516,3.49527623821989,3.39714461061653,3.13844577730775,#DIV/0!,3.19503757793547,2.12237638214058
3.10474250457773,3.07847410008507,3.64552247141721,3.31920375975962,3.32378654552693,3.3382741063731,3.40301317661821,3.5391748192974,3.44630123268734,3.36880811390021,3.41926816285393,3.34271446823798,3.09185269137235,3.68869730747448,3.21286864622035,3.24140005333647,3.37322030741307,3.18679357744554,3.47099468634628,3.41240114648003,3.11561346923809,#DIV/0!,3.2822888448359,2.10366393649457
3.25984441592283,3.06303261120234,3.64812616812534,3.32449661589768,3.3375600241911,3.27808423859853,3.43277941967527,3.47335808938567,3.44984525733103,3.42174758291456,3.46127232515131,3.30810897160065,3.20652633934719,3.69959647457415,3.23258359151769,3.21742821346895,3.36111654237767,3.07923796379914,3.4506078925401,3.4412564088661,3.09949234207416,#DIV/0!,3.24296012583855,2.08696151815635
3.34041975448775,3.09458553948809,3.6481232681827,3.29365047368266,3.33745305568308,3.33260264146524,3.47212347250301,3.44411196290632,3.5141485719499,3.44906527537018,3.46454767069742,3.3518425488284,3.26194601268907,3.69582219483142,3.20648890900137,3.23461420045239,3.38989915460411,2.91649834589453,3.47914270891224,3.45560505208098,3.05677367319058,#DIV/0!,3.2181794120357,1.99969353256172
3.3519540200358,3.17132984044229,3.6694130819648,3.34495417389117,3.23626026081703,3.33697133533316,3.31927685978925,3.444435322417,3.39907521699227,3.40591404324644,3.47079659913111,3.3470719525119,3.26857911986597,3.68291786540059,3.18823314975099,3.18765773055163,3.40356122541505,2.88424622451206,3.3395946078224,3.48105574828629,3.11206778468277,#DIV/0!,3.30775966665462,1.9722535283851
3.35385806980097,3.24364100168689,3.68621893743653,3.37318771546057,3.21616742445324,3.28574306204637,3.21492625779292,3.45415662117153,3.37861136032104,3.4520133027686,3.48716572128207,3.38268254783247,3.26975803268746,3.65540726091052,3.18896011584041,3.3127238381423,3.28737636201293,2.93394684757444,3.3207713729808,3.50825672326469,3.16429736498743,#DIV/0!,3.18510358843341,2.03689885869252
3.36332766067424,3.23287764285329,3.6620008098354,3.37507522093933,3.17460931485553,3.25458195521305,3.20164910998149,3.32539440110226,3.35905015516518,3.49671637571967,3.52465679008355,3.36190491357733,3.28676133717115,3.63672127935386,3.18091727707694,3.32388382696717,3.27488726001665,2.96525610112223,3.36500581941746,3.54591918880506,3.19175481539156,#DIV/0!,3.1509559208619,2.1349990002621
3.33221347104045,3.25982567674871,3.67012357440932,3.38349711407576,3.15863087553079,3.2240247828842,3.2058363798316,3.31368993887423,3.35220136738973,3.52212597840752,3.51792050036765,3.34666245356753,3.32709797449417,3.54447552423713,3.21022347812523,3.33553160230311,3.25236781924574,2.99458747522048,3.33477237669096,3.60460732938591,3.14653475073776,#DIV/0!,3.11332416136929,2.10850223599509
3.37710365061858,3.23636644713749,3.68979739330713,3.41245502102333,3.26796555208018,3.24219840418947,3.18922545654713,3.31323559149923,3.32089393748724,3.54875687590566,3.57633259192337,3.29884749060639,3.29503739871984,3.47174962098451,3.24752079868853,3.35174103244401,3.24194640123119,2.87502776605914,3.28716531073265,3.51234090878623,3.08692616129696,#DIV/0!,3.16119879910555,2.02524201650932
3.34030077346824,3.28900847233887,3.66931473734086,3.45763342611805,3.3046068415396,3.24802831909676,3.19599653883509,3.31982990418167,3.31938464413633,3.52964498111452,3.55530417724755,3.2767917591819,3.27284550396724,3.43922504370223,3.19934025280439,3.3526318527393,3.2779267108373,2.98635735241032,3.27864772446134,3.45352159630972,3.12367765681076,#DIV/0!,3.21202933925402,1.95620084324856
3.40925532946333,3.33774757569238,3.64824085235746,3.31394900630408,3.29741648977497,3.22615250156784,3.19120706333935,3.31179212655727,3.30565888201473,3.44317462550627,3.53970812990317,3.3300519278741,3.29611265888338,3.39868438013452,3.21259610845153,3.38821853123985,3.3538090665838,3.02358425442622,3.31432151678745,3.39966641402194,3.14644989700772,#DIV/0!,3.20776003139402,2.05972407009116
3.35045262327778,3.33478656327224,3.67191231009019,3.21658927003414,3.27606287564455,3.28372275100235,3.1745454841515,3.35176493739102,3.28647131712495,3.41459638511673,3.49252968511569,3.3584563239673,3.27443979900462,3.3930267579436,3.23406443201668,3.43251615086167,3.38573053924042,3.09866346246912,3.29470065315039,3.38507419402759,3.15827813011617,#DIV/0!,3.29443753337002,2.04138559358203
3.37243519128821,3.22695071908406,3.68185376262868,3.25286775384505,3.30984131260459,3.29716807589383,3.14693966763198,3.37279201067889,3.29353918939038,3.39731184985232,3.50997539084813,3.34328522557534,3.29092784211801,3.31990473954249,3.26453035303776,3.35573329209712,3.41371652490038,3.19358467803361,3.30092155717224,3.27281794964122,3.21814893118725,#DIV/0!,3.16289592024589,1.91668504377452
3.38066756704975,3.22797248318392,3.68011464845049,3.13042561946255,3.31459084512203,3.29229115132887,3.31614025121685,3.35558353700729,3.38118444945231,3.43960778102093,3.4956931479132,3.33178309064334,3.30319691291479,3.33455778374025,3.25280844360025,3.38160147810126,3.4291660584711,3.22836596929368,3.39537542894741,3.21650255698483,3.30764372620075,#DIV/0!,3.14069032380716,1.89361490278948
3.39153580686056,3.21928152871283,3.68967104278016,3.15426508224905,3.38587442276867,3.29785543961598,3.32498037120477,3.31112914325146,3.36729764131902,3.44360348084793,3.43909809801286,3.19863548762161,3.30513164109576,3.3970205949138,3.20768986706291,3.30627409885104,3.52718158387692,3.14034126658775,3.41314572424075,3.16609297590776,3.25634353397586,#DIV/0!,3.25088317739158,1.91781721972562
3.40088962624497,3.23587597726594,3.65762156651113,3.06379088170161,3.45403813007051,3.31009232683786,3.30932043361734,3.43145638795944,3.35728879871713,3.43525910049419,3.42916883026143,3.25290775371914,3.32075574358969,3.4110477101201,3.17632873177911,3.30279167648176,3.50061518416375,3.10931530554982,3.42157320718553,3.15501151681559,3.24477419572387,#DIV/0!,3.25051250122851,1.91681705676908
3.43452803540684,3.25545181341631,3.59992066482545,3.04030224996916,3.53707845635886,3.26078377870323,3.31752259498183,3.41260422213832,3.37203178035502,3.43883530273479,3.48000877319644,3.24467445613285,3.34221813219247,3.48280802988564,3.16325136725488,3.30900930307047,3.56446887868171,3.00643875420144,3.44250905501731,3.09388500078793,3.22498373853473,#DIV/0!,3.27730891781509,1.85752120370355
3.30710968037326,3.27494363722035,3.58409064786886,3.10169310952078,3.5410176274368,3.24937188557636,3.27154262367835,3.31926210520742,3.40145265004087,3.40970110299394,3.4686499553571,3.26953700898232,3.39023333974945,3.43022755748026,3.15995774841558,3.27760467396847,3.58084766351737,3.04504391714554,3.48390100564306,3.13905934848288,3.19215208511318,#DIV/0!,3.26019679179864,1.89200824104526
3.15594570116886,3.1822988108163,3.59388106233452,3.13889794323972,3.37944944946494,3.24525900078625,3.28743860725315,3.28558107505391,3.41815950923414,3.39088169499632,3.47217900083243,3.29215308673118,3.39447195008125,3.42256676943204,3.18078032152313,3.28097335036687,3.57146364978903,3.0810915824448,3.44892829006225,3.15885734336002,3.26965320558054,#DIV/0!,3.25938392179149,1.94416917327873
3.07490415572746,3.10046753240672,3.58152201329176,3.295837294827,3.44008889804604,3.23541946095331,3.29834109685827,3.28257478006272,3.41074036507857,3.4396235388621,3.35872761688637,3.20613786511973,3.42342456704998,3.43081741237944,3.16155020633065,3.29288112542715,3.56101852794457,3.09731192322239,3.40121001639253,3.16949691731018,3.27853759211111,#DIV/0!,3.23650465179838,1.90121820402881
3.12154158056842,3.10596345802748,3.58049085800913,3.41589693000211,3.43756337925768,3.24372051048706,3.29218466816371,3.32053050618389,3.37597179278501,3.44118841539558,3.40626014679155,3.1119449486436,3.50786025209644,3.40970561813185,3.1384185906525,3.27944365716137,3.56246160070093,3.14673002718063,3.43174055761342,3.14615562225949,3.29775923741435,#DIV/0!,3.15443980342825,1.86949233275136
3.08872070078184,3.19482181222544,3.61794661664034,3.31305168597197,3.44562163818838,3.16512328529397,3.26116640989345,3.30839052616181,3.37110098230194,3.44204044235401,3.40506443971401,3.07313369901903,3.51136439209312,3.36895804006505,3.12758434766105,3.32573377767271,3.53174167175503,3.18564272850441,3.4360435612727,3.19123626993116,3.20253638267783,#DIV/0!,3.31239036335637,2.01556182509888
3.02355648465427,3.14915304789365,3.62018177524138,3.42600342289273,3.50366599976697,3.10960726211533,3.2279638464483,3.32769239319211,3.37357981116477,3.42929342425798,3.43596140929085,3.03796292817029,3.45951697592655,3.38568229598736,3.09953769748341,3.31116919633911,3.46964369333519,3.08644692371716,3.33968569215762,3.1845383937449,3.18000768401851,#DIV/0!,3.29995542608876,2.04997955614633
2.98698229363351,3.06304774116792,3.60746224672008,3.41920582533557,3.47475714866794,3.17794369941623,3.18814477488378,3.33299953401602,3.43742596534198,3.41940708944743,3.42095905343128,3.13523391479738,3.39062973158123,3.38174135571385,3.14475899835894,3.40897622795366,3.45620405174165,3.11125531169101,3.33982257134766,3.20452278246977,3.23256513542404,#DIV/0!,3.35624142838128,2.07430015297357
2.96731383913716,3.07949822657822,3.67320610288882,3.509512001411,3.40952978635074,3.15812728229242,3.19179440067717,3.29336234479396,3.46213404164328,3.44588631412838,3.3893434376227,3.03125679235707,3.39999356729364,3.37163406220199,3.19303036308001,3.42083978714585,3.50398368226092,3.07801620884272,3.30414764355314,3.18729766239646,3.24651474150613,#DIV/0!,3.3140390747817,2.02123503107312
2.95776389252138,3.04411807835629,3.74460532929586,3.47010075618632,3.37944810913669,3.28451847179226,3.17889888199125,3.35360856534655,3.43362468185331,3.47866235727271,3.35634948393106,3.03203037534892,3.35191476760152,3.36137953764513,3.19353185857113,3.41559725816233,3.3427240255272,3.21659890898605,3.31424191496789,3.19249409127319,3.27650598270575,#DIV/0!,3.32290809683873,1.96005482703591
2.85656532515333,3.04151245322095,3.77160224805209,3.43010230901474,3.3335120333913,3.32234298888931,3.21076700833155,3.43359265110281,3.43298597915559,3.5022657904241,3.34890358184666,2.97183657567799,3.36601758698944,3.4560072008175,3.09591934184631,3.3258290766805,3.31608092917674,3.15096870874092,3.29176330976434,3.19334877411354,3.27244286401169,#DIV/0!,3.19886877310004,2.00785647953758
3.02191923122403,3.11383835971386,3.67077488822502,3.37765580099377,3.46338900335261,3.22426006602576,3.22079523673167,3.46546450968545,3.3234726494617,3.53656699843554,3.32059440752292,2.96717770576865,3.39335015242526,3.48271782559055,3.09545492697423,3.3474250226645,3.28010227391702,3.15335168082146,3.28436593160621,3.14696996852687,3.23965306771044,#DIV/0!,3.10098516045573,2.05827592395093
3.07012881189733,3.1842456430521,3.68265555127606,3.36413129770935,3.42745105686875,3.27099506557659,3.16816545015857,3.41983135962868,3.31633760050728,3.56601558109474,3.45475703032911,3.00169021857,3.35855036799018,3.50376380681197,3.08302616457899,3.34863075486175,3.28565973792653,3.18133371015244,3.30776283776982,3.06030858180936,3.23191545729456,#DIV/0!,3.09843256496802,1.99297748208211
3.12691262366279,3.1908699386257,3.66883422971779,3.37125962485978,3.44841174143197,3.28824687828064,3.18251473277736,3.43812356317375,3.34518302668432,3.56108981516968,3.42799089186407,3.07074184537348,3.36428084448759,3.54251686684638,3.10817299963794,3.18708796320367,3.25139110374603,3.16545233194583,3.29620820524979,#DIV/0!,3.27184580184678,#DIV/0!,3.028877495068,1.97850687883045
3.08491368043753,3.19914461156008,3.6557990565043,3.5019157460011,3.45590120853507,3.38714436593492,3.20317837297772,3.44717827363429,3.33616410795565,3.57084886512524,3.44833064607847,3.06448432028195,3.4015001075174,3.64106665536418,3.08179054364986,3.20359891892903,3.31571808915812,3.1583743402425,3.24875266787808,#DIV/0!,3.37252871320126,#DIV/0!,2.99792703736529,1.97226078502299
3.11925314796113,3.31456927621999,3.66356809140712,3.52299572285181,3.49119188956867,3.45798667479985,3.19727837693253,3.45901205718103,3.33039397784188,3.49612567027303,3.44826654314726,3.10979075620041,3.46149851127401,3.6237201049364,3.13883460995185,3.23064752901077,3.37173436498242,3.2048686281273,3.30239090810348,#DIV/0!,3.41192683280092,#DIV/0!,3.03780154335004,1.871959096405
3.14620034319069,3.36129017949214,3.66822101838558,3.56394675715725,3.5268253924252,3.48444674127421,3.14037244228061,3.44192752180571,3.31143449311033,3.48440738469838,3.4938653119582,3.13957058722458,3.47009328369763,3.62390143634337,3.15504516648783,3.20843198940318,3.40801382568202,3.18128459779185,3.29285289253129,#DIV/0!,3.36926136239195,#DIV/0!,3.02237624403338,1.85511733983324
3.02883449193839,3.41581248058591,3.64386157117165,3.59254649709993,3.5837306090225,3.49474616074095,3.08895608553482,3.476119408844,3.30238871550993,3.4211310719413,3.53237594525953,3.10383470557242,3.38189863727151,3.65217303837699,3.15763737338092,3.22900917903336,3.39387359878366,3.24310407680939,3.36074274661359,#DIV/0!,3.34076504429627,#DIV/0!,3.0128765983809,1.88466742101015
2.96964041783007,3.46281816900874,3.6400755643061,3.62992638732537,3.58673531424532,3.48322713399843,3.00870519325344,3.45152422426203,3.33305502537583,3.41257828008531,3.55881842765731,3.0128724962959,3.40572996246575,3.58015532970189,3.14641320199382,3.23796074939782,3.48485648005511,3.25968399818914,3.28743958946708,#DIV/0!,3.24499729549752,#DIV/0!,2.91235652920377,1.91411402293408
3.07670777652223,3.45625761393984,3.61976900567316,3.60525544054333,3.59996884942439,3.47681158816974,3.0141387648605,3.43798674510338,3.33128704147427,3.39914806133342,3.52451724005809,3.11122951356839,3.3907073347029,3.56376556416813,3.25518154847973,3.31173336309688,3.38876174383819,3.42438759977304,3.31035184945797,#DIV/0!,3.30230127031591,#DIV/0!,3.02251263905849,1.90775448791017
2.99238568385217,3.42265712747933,3.73572158491043,3.62402690448886,3.60260365966391,3.58843736156653,3.02619959081258,3.40604226131994,3.41458427456897,3.29664087044151,3.5499415262403,3.11267684172927,3.3578353991227,3.51925070097512,3.23590537629065,3.27569949447024,3.37818710984608,3.46134277697186,3.35271096584882,#DIV/0!,3.29053998526067,#DIV/0!,3.10656745272133,1.87677910766112
2.84112094171039,3.44035355559795,3.73639658424323,3.58594692606224,3.62479958470098,3.55004382142315,3.09990178488782,3.47513846789938,3.41762143299866,3.09346791562811,3.51650458272128,3.13981028167808,3.38290788814028,3.4517633177157,3.24334567046585,3.26933654960599,3.30016385736702,3.51129281448951,3.34930381461429,#DIV/0!,3.32157722978361,#DIV/0!,3.12769994751416,1.91587867941713
2.72143529680749,3.44262265933255,3.73308484852819,3.59712013830193,3.60549870864645,3.56519864056581,3.02864256196261,3.46269704934776,3.39374347125359,3.0691799477854,3.56685754270612,3.16270429561009,3.36128948357433,3.39967154199833,3.25180761994125,3.39643933377451,3.28230065855002,3.53208546408943,3.36682162787271,#DIV/0!,3.30154808430167,#DIV/0!,3.23387030261818,2.02719630838103
2.72812309067307,3.43008979656994,3.7101534719805,3.58215446273058,3.60447686765686,3.53728382635841,3.01861976676872,3.45539994977188,3.37911196642196,3.08331147262021,3.48997580188589,3.20250548988828,3.36149967341082,3.28469206901607,3.27820694412559,3.40735569783673,3.24905014959574,3.54885491522733,3.29700187098722,#DIV/0!,3.28516923725636,#DIV/0!,3.16505156475378,2.11804917293681
2.61559160279425,3.40778080684931,3.70623525936641,3.55513456506962,3.63658003912909,3.43493675358581,3.00397979887704,3.46182012563068,3.31908377412549,3.17766900795914,3.438725715807,3.199593636937,3.30337330846559,3.29044383962947,3.2466869883318,3.40543297838334,3.13375803462016,3.61929566687021,3.34504925581851,#DIV/0!,3.26431827964036,#DIV/0!,3.18862015924203,2.07015115474916
2.58340123498409,3.4775631653971,3.69868168095611,3.48062683058135,3.61367600564933,3.43996365446845,3.16009976199281,3.4920647398911,3.31203939728768,3.19522292670757,3.4005942477791,3.14425146973527,3.38286239933573,3.27665634540264,3.17186511738486,3.40648038252908,3.09251876157603,3.71647961729533,3.23349913631929,#DIV/0!,3.28290615162725,#DIV/0!,3.19901950355749,2.01155026121735
2.72387917333573,3.43871974030127,3.66800397541745,3.43774074156941,3.62764639624229,3.45575521174709,3.14775227103521,3.53206291626349,3.30422192779179,3.22032605928366,3.40498334905387,3.2230459482867,3.43749319635333,3.22150526058165,3.11191986191107,3.43329358849639,3.00874502364214,3.73351450736977,3.15799920455899,#DIV/0!,3.27044725311649,#DIV/0!,3.29182783335431,2.08885533302534
